username,password,email,first_name,last_name
nicoa123,qkbnkwlwdb,na123@gmail.com,Nicostratus,Antal
nicospon3,asbnewb,nicospon3@gmail.com,Nicolao,Sponaugle
wiiniade88,jtb3ru8b,wiiniade88@gmail.com,Winifred,Adema
laka9,kjadf,laka9@gmail.com,Lark,Karppinen
mc6,nrteta,mc6@gmail.com,Mira,Conner
trumnikola197,aenmraj3,trumnikola197@gmail.com,Nikola,Trumbauer
fmela96,aetnmtj53j,fmela96@gmail.com,Felisha,MacCarrick
mjslander145,q6j4wkykajd,mjslander145@gmail.com,Mike,James
ponizzola128,4tj4qj4kts,ponizzola128@gmail.com,Por,Nizzola
deemanbaum17665,netj4q6i,deemanbaum17665@gmail.com,Pradeep,Mandelbaum
handsypansy542,srjetk,handsypansy542@gmail.com,Tansy,Evelyn
hoielda148,sj5w6i,hoielda148@gmail.com,Elda,Horvat
bopbopbop665,syksw,bopbopbop665@gmail.com,Bo,Horvat
yessir875,sryke5yk,yessir875@gmail.com,Johnny,Sins
sepltoyta62,yiw54iw,sepltoyta62@gmail.com,Seppo,Toyoda
mrson1237,ie56iw,mrson1237@gmail.com,Maeve,Robinson
newlimbhaha53,srysr,newlimbhaha53@gmail.com,Limbani,Newton
lusujath72,rsia6,lusujath72@gmail.com,Sujatha,Lukic
vroomvroom742,i46i,vroomvroom742@gmail.com,Yvonne,Vroom
gura6,64i65,gura6@gmail.com,Ursula,Garza
elon1,i65wi56wiwi,elon1@gmail.com,Ion,Ellington
nanamc15,3th3h,nanamc15@gmail.com,Nanda,McKeever
lmayt7,32th3th,lmayt7@gmail.com,Masuyo,Lenz
kingjames236,242g24g24g,kingjames236@gmail.com,Lebron,James
ihatesteph31,n4n4n,ihatesteph31@gmail.com,Seth,Curry
fatherofshooter76,rgnrgs,fatherofshooter76@gmail.com,Dell,Curry
nightnight30,kyksrksry5s,nightnight30@gmail.com,Steph,Curry
momof3031,q435wrtn,momof3031@gmail.com,Sonya,Curry
testmemf76,wrm5yj4tqhh,testmemf76@gmail.com,Draymond,Green
almostsplash6,w4tj4265y3wt,almostsplash6@gmail.com,Jordan,Poole
watiscurse1,w426i56wo57l,watiscurse1@gmail.com,Devin,Booker
tygalover8724,lugjsasd,tygalover8724@gmail.com,Kylie,Jenner
retired22,ryks,retired22@gmail.com,Daniel,Sedin
retired33,2hnan,retired33@gmail.com,Henrick,Sedin
oldqb679,nhawhmwer,oldqb679@gmail.com,Matt,Ryan
needtoretire12,twjkd,needtoretire12@gmail.com,Tom,Brady
oldsuperman01927,kyusdri5i,oldsuperman01927@gmail.com,Cam,Newton
smartguy1887,fuldslssh,smartguy1887@gmail.com,Issac,Newton
dcarr86,sg6ulwrl,dcarr86@gmail.com,Derek,Carr
newpatstar9813,dtylwdt,newpatstar9813@gmail.com,Bailey,Zappe
kastnerhe5472,ew57e,kastnerhe5472@gmail.com,Hesekiel,Kastner
bestcb0,sry5ls,bestcb0@gmail.com,Trevon,Diggs
broofbestcb6,olyrs,broofbestcb6@gmail.com,Stephon,Diggs
wifeofshooter761,jyrjrjw5,wifeofshooter761@gmail.com,Ayesya,Curry
pivot137,olasga,pivot137@gmail.com,Caitlyn,Jenner
rapforever7,lutd,rapforever7@gmail.com,Kyle,Lowry
rapforever11,64i4dcshsfg,rapforever11@gmail.com,Demar,DeRozan
inotaguy6542,tyhgdw,inotaguy6542@gmail.com,Kyle,Guy
bestillinirb0,awdnmf,bestillinirb0@gmail.com,Chase,Brown
qbsavior12,sdjwrf,qbsavior12@gmail.com,Tommy,DeVito
bballnotmysport1,jtekwwg,bballnotmysport1@gmail.com,Anthony,Edwards
slimsnake7,etjtkwgk,slimsnake7@gmail.com,Kevin,Durant
uncledrew11,wetklkwewk,uncledrew11@gmail.com,Kyrie,Irving
strongboi0,eithkdgj,strongboi0@gmail.com,Zion,Williamson
qbhfatesgr2,drjd4ghkc,qbhfatesgr2@gmail.com,Chris,Jones
goawaytb12,752kgkjfwj,goawaytb12@gmail.com,Patrick,Mahomes
charger12,kdft2,charger12@gmail.com,Justin,Herbert
weneedaqb265y,djkdjd266,weneedaqb265y@gmail.com,Chase,Young
bphottie135,kdtykti852yk,bphottie135@gmail.com,Jennie,Kim
faceofbp138,itejej53tyjd,faceofbp138@gmail.com,Jisoo,Kim
vocalbp1479,57j5j5gjt,vocalbp1479@gmail.com,Chae,Young
needsubs145,jjetkfdr,needsubs145@gmail.com,Logan,Paul
cp3,jiejiejie,cp3@gmail.com,Chris,Paul
watisytteam10,jtwjw4,watisytteam10@gmail.com,Jake,Paul
omealsonwannable2,jtjejww3w,omealsonwannable2@gmail.com,Royce,O'Neale
neeedawarrant3,etjjejt6,neeedawarrant3@gmail.com,T.J,Warren
closetosummer572,dgee3,closetosummer572@gmail.com,Edmond,Sumner
iloveduke8147,mtgjetj322,iloveduke8147@gmail.com,David,Duke Jr.
aussyshooter8724,tejej2kk,aussyshooter8724@gmail.com,Patty,Mills
cantshoot0,mtee22,cantshoot0@gmail.com,Ben,Simmons
backfromacl1345,mtge2,backfromacl1345@gmail.com,Joe,Harris
4ringskids11,jgjwr2,4ringskids11@gmail.com,Klay,Thompson
twin1,jtjetj,twin1@gmail.com,Markieff,Morris
twin2,hr2h2rh,twin2@gmail.com,Marcus,Morris
nexstar9,jgehtltls,nexstar9@gmail.com,Kessler,Edwards
japbballstar82,sssehs,japbballstar82@gmail.com,Yuta,Watanabe
nicesharpie18,awdnmf,nicesharpie18@gmail.com,Day'Ron,Sharpe
thomasthetrain4218,fhgjawr,thomasthetrain4218@gmail.com,Cam,Thomas
slimcenter84,hr2h2rh,slimcenter84@gmail.com,Nic,Claxton
needaback148,qegfdmg,needaback148@gmail.com,Michael,Porter Jr.
boneshandles8,wsrgm,boneshandles8@gmail.com,Bones,Hyland
popekent841,rm,popekent841@gmail.com,Kentavious,Caldwell-Pope
lacfoever10,esrdfg,lacfoever10@gmail.com,DeAndre,Jordan
peyme28,wesrgdhfm,peyme28@gmail.com,Peyton,Watson
reedpeedu8,ersgdfnm,reedpeedu8@gmail.com,Davon,Reed
whitepants842,egfsdfnm,whitepants842@gmail.com,Jack,White
bb9,wegrhdgfg,bb9@gmail.com,Bruce,Brown
shortsmith0,3wtredhf,shortsmith0@gmail.com,Ish,Smith
bestbig0,wretdfh,bestbig0@gmail.com,Nikola,Jokic
rustycanada10,4q3wertd,rustycanada10@gmail.com,Jamal,Murray
nahbuddy138,2e22e,nahbuddy138@gmail.com,Zeke,Nnaji
okshon2e8,q43werdt,okshon2e8@gmail.com,Jeff,Green
dunkcontestisrigged00,34werdthfng,dunkcontestisrigged00@gmail.com,Aaron,Gordon
goatforever23,34wertdh,goatforever23@gmail.com,Michael,Jordan
nextgswstar00,etjetj,nextgswstar00@gmail.com,Jonathan,Kuminga
ddneedaring00,wrhwrh,ddneedaring00@gmail.com,Donte,DiVincenzo
greenson013,nfgngfn53,greenson013@gmail.com,JaMychal,Green
learningrol813,jyry24,learningrol813@gmail.com,Ryan,Rollins
imamoody81,jgjet22jk,imamoody81@gmail.com,Moses,Moody
reliablecenter831,jtegeq,reliablecenter831@gmail.com,Kevon,Looney
baldpatrick831,lutlr212,baldpatrick831@gmail.com,Patrick,Baldwin Jr.
iggyisback9,yu24y24k,iggyisback9@gmail.com,Andre,Iguodala
needabrack81,hrhrsdc,needabrack81@gmail.com,Adriana,Chechik
heretosaveyall81,ehehqdg,heretosaveyall81@gmail.com,Andrew,Wiggins
wisejames91,dryjdwrk,wisejames91@gmail.com,James,Wiseman
antlamb1,dyjw3itjet,antlamb1@gmail.com,Anthony,Lamb
jacklamb89,drjfsjrthsrts,jacklamb89@gmail.com,Jeremy,Lamb
savedgswnation0148,djdreryk,savedgswnation0148@gmail.com,Steve,Kerr
bestcoach138,tulyueuwr,bestcoach138@gmail.com,Kenny,Atkinson
lalela912,kykregkf,lalela912@gmail.com,Jama,Mahlalela
fraserwood814,jjewrdggk,fraserwood814@gmail.com,Bruce,Fraser
chrimarco81,wrjwrjwtu,chrimarco81@gmail.com,Chris,DeMarco
jevic4642,wwfhwkgq,jevic4642@gmail.com,Dejan,Milojevic
weems841,jgejwqfvh,weems841@gmail.com,Kris,Weems
redrubin184,ehesvbu,redrubin184@gmail.com,Jacob,Rubin
vereenanthe65578,hfhehwew,vereenanthe65578@gmail.com,Anthony,Vereen
arm1474,wrhwpiw,arm1474@gmail.com,Hilton,Armstrong
yoderdrew741,ssjlasw,yoderdrew741@gmail.com,Drew,Yoder
bgson13,wrgq3tj,bgson13@gmail.com,Lana,Rhoades
lrson31,erhqwrgj,lrson31@gmail.com,Blake,Griffin
badankle148,whrffhkw,badankle148@gmail.com,Lonzo,Ball
worstballbro831,wrhrjqwfhk,worstballbro831@gmail.com,LiAngelo,Ball
watisball381,whwqrhk,watisball381@gmail.com,Lamelo,Ball
farokani418,5l3krk,farokani418@gmail.com,Kaniehtiio,Farohildis
morticapal13,wjri2kkh,morticapal13@gmail.com,Pallavi,Morticia
giataj134,wkgi2ori,giataj134@gmail.com,Tajda,Gia
jordynil138,wkjrjbnqpok,jordynil138@gmail.com,Bilha,Jordyn
jordynaire81,pqirjbnejq,jordynaire81@gmail.com,Claire,Jordyn
galen183,j2nbmjq,galen183@gmail.com,Donna,Huang
cheese134,k2kornj2r,cheese134@gmail.com,Sherill,Chesed
pangbang831,k1eorjb,pangbang831@gmail.com,Marco,Pang
poiboi537,o1orinnr,poiboi537@gmail.com,Marco,Coi
sueme831,orbjdkqon,sueme831@gmail.com,Michelle,Sue
susueme72,m2ekfbmio,susueme72@gmail.com,Tony,Su
badlegsmith831,kqkrobpq,badlegsmith831@gmail.com,Alex,Smith
orr81,pqpronk,orr81@gmail.com,Margareta,Ozge
vilte15,k1eorjb,vilte15@gmail.com,Sofijia,Vilte
mayanmaryi41,1onoewnb,mayanmaryi41@gmail.com,Maryana,Maya
lyonbridgemaya8431,1g3j4m3wg,lyonbridgemaya8431@gmail.com,Maya,Lyon
caditaxi81,mqnnbqr3,caditaxi81@gmail.com,Lien,Cadi
njajv82,sgm33j35,njajv82@gmail.com,Ora,Visnja
nade81,092urjbj2,nade81@gmail.com,Sana,Nade
roseberry81,o2obrjnpiwi,roseberry81@gmail.com,Melita,Roselyn
divadd81,owirnj24,divadd81@gmail.com,Minakshi,Divya
valbeldel81,mrjbrj2e2,valbeldel81@gmail.com,Briony,Valeria
biddidkid891,leompi2i0,biddidkid891@gmail.com,Calanthe,Biddy
assume1,oeodoi52,assume1@gmail.com,Tzivya,Assumpta
xisavaar1,m2mxu2uub,xisavaar1@gmail.com,Melania,Xenia
tysoniluvu751,1jrnol!rh,tysoniluvu751@gmail.com,Ty,Jerome
